surface,path,action_instances,control_groups,enabled_state,result,status,evidence
Home,/,56,"header; search; wallet; network; My Melega; hero CTAs; SmartSwap; Featured; Top Movers; farms; pools; listings; footer",state-dependent,"No dead href; expected route/modal/state transitions",PASS,"production browser DOM + click smoke"
Swap,/swap,96,"header; token selectors; amount; reverse; settings; refresh; wallet CTA; chart tabs; routes; footer",state-dependent,"Selectors/input/settings work; execution stops before signature",PASS,"production browser + 221 focused SmartSwap assertions"
Liquidity,/liquidity,33,"header; tabs; search; pagination; position actions; add/remove; footer",state-dependent,"Global multichain TVL order and exact pair/chain identity",PASS,"76/76 focused Liquidity assertions"
Farms,/farms,57,"header; Create Farm; Explore; search; filters; view mode; wallet actions; explorer links; pagination; footer",state-dependent,"Discovery and creation modal transition correctly",PASS,"production browser + 99 focused Farms/Pools assertions"
Pools,/pools,46,"header; search; filters; view mode; wallet actions; explorer links; pagination; footer",state-dependent,"Existing staking remains available; Create Pool absent",PASS,"production browser + hidden-create tests"
Bridge,/bridge,78,"header; source/destination; reverse; destination wallet; amount; MAX; wallet CTA; details; footer",state-dependent,"BNB↔Robinhood and BNB↔Arc states verified; no transaction",PASS,"production browser + 158/158 Bridge assertions"
Projects,/projects,95,"header; search; filters; sort; cards; pagination; footer",state-dependent,"Identity and destinations remain canonical",PASS,"production browser + current runtime tests"
List,/list,76,"header; form inputs; validation CTA; wallet/claim; footer",validation-gated,"Disabled CTA explained by validation state",PASS,"production browser DOM inventory"
Portfolio,/portfolio,73,"header; filters; wallet CTA; position cards; footer",wallet-gated,"Disconnected state is explicit and stable",PASS,"production browser DOM inventory"
MARCO project,/@marco,94,"header; chain identity; metrics; project links; trade; liquidity; share; footer",state-dependent,"Canonical MARCO actions reach intended destinations",PASS,"production browser + project route smoke"
Docs,/docs,123,"header; section anchors; external references; footer",enabled,"No dead href or fatal route",PASS,"production browser DOM inventory"
Audit,/audit,114,"header; report navigation; external references; footer",enabled,"No dead href or fatal route",PASS,"production browser DOM inventory"
Support,/support,79,"header; support links; public actions; footer",enabled,"No dead href or fatal route",PASS,"production browser DOM inventory"
TOTAL,,1020,"13 bounded public surfaces",state-dependent,"0 dead href; 0 fatal render; 0 horizontal-overflow findings",PASS,"48 responsive route/viewport checks + bounded harness"
